git_commit,timestamp,mode,rx_size,value_size,clients,pipeline,threads,repetition,duration,rps,payload_gbps,avg_latency_ms,p50_latency_ms,p95_latency_ms,p99_latency_ms,exit_status,server_error,bench_error,verify_strlen,raw_file
9ab2c530f66c777081705101cc375be449cb55e4,2026-08-27T15:28:18+08:00,full,65536,65536,1,1,1,1,5,6906.00,3.6207,0.141,0.127,0.231,0.495,0,none,,ok,full-rx65536-d65536-c1-P1-r1
9ab2c530f66c777081705101cc375be449cb55e4,2026-08-27T15:28:25+08:00,full,65536,65536,1,1,1,2,5,7393.20,3.8762,0.132,0.119,0.199,0.455,0,none,,ok,full-rx65536-d65536-c1-P1-r2
9ab2c530f66c777081705101cc375be449cb55e4,2026-08-27T15:28:32+08:00,full,65536,65536,1,1,1,3,5,7375.40,3.8668,0.132,0.119,0.199,0.471,0,none,,ok,full-rx65536-d65536-c1-P1-r3
9ab2c530f66c777081705101cc375be449cb55e4,2026-08-27T15:28:39+08:00,full,65536,65536,1,16,1,1,5,8722.91,4.5733,1.773,1.639,2.663,3.535,0,none,,ok,full-rx65536-d65536-c1-P16-r1
9ab2c530f66c777081705101cc375be449cb55e4,2026-08-27T15:28:46+08:00,full,65536,65536,1,16,1,2,5,8795.04,4.6111,1.758,1.647,2.639,3.551,0,none,,ok,full-rx65536-d65536-c1-P16-r2
9ab2c530f66c777081705101cc375be449cb55e4,2026-08-27T15:28:53+08:00,full,65536,65536,1,16,1,3,5,8579.20,4.4980,1.804,1.679,2.743,3.647,0,none,,ok,full-rx65536-d65536-c1-P16-r3
9ab2c530f66c777081705101cc375be449cb55e4,2026-08-27T15:29:00+08:00,full,65536,65536,4,1,1,1,5,9995.20,5.2404,0.396,0.359,0.751,1.135,0,none,,ok,full-rx65536-d65536-c4-P1-r1
9ab2c530f66c777081705101cc375be449cb55e4,2026-08-27T15:29:08+08:00,full,65536,65536,4,1,1,2,5,9630.40,5.0491,0.412,0.359,0.831,1.143,0,none,,ok,full-rx65536-d65536-c4-P1-r2
9ab2c530f66c777081705101cc375be449cb55e4,2026-08-27T15:29:15+08:00,full,65536,65536,4,1,1,3,5,9932.80,5.2076,0.399,0.359,0.751,1.191,0,none,,ok,full-rx65536-d65536-c4-P1-r3
9ab2c530f66c777081705101cc375be449cb55e4,2026-08-27T15:29:22+08:00,full,65536,65536,4,16,1,1,5,8791.84,4.6095,7.275,6.591,11.423,15.591,0,none,,ok,full-rx65536-d65536-c4-P16-r1
9ab2c530f66c777081705101cc375be449cb55e4,2026-08-27T15:29:29+08:00,full,65536,65536,4,16,1,2,5,8267.15,4.3344,7.738,6.951,12.823,15.983,0,none,,ok,full-rx65536-d65536-c4-P16-r2
9ab2c530f66c777081705101cc375be449cb55e4,2026-08-27T15:29:36+08:00,full,65536,65536,4,16,1,3,5,8409.60,4.4091,7.606,6.879,12.655,16.671,0,none,,ok,full-rx65536-d65536-c4-P16-r3
9ab2c530f66c777081705101cc375be449cb55e4,2026-08-27T15:29:43+08:00,full,65536,262144,1,1,1,1,5,2070.39,4.3419,0.479,0.415,0.911,1.351,0,none,,ok,full-rx65536-d262144-c1-P1-r1
9ab2c530f66c777081705101cc375be449cb55e4,2026-08-27T15:29:51+08:00,full,65536,262144,1,1,1,2,5,2247.60,4.7136,0.442,0.399,0.743,1.087,0,none,,ok,full-rx65536-d262144-c1-P1-r2
9ab2c530f66c777081705101cc375be449cb55e4,2026-08-27T15:29:58+08:00,full,65536,262144,1,1,1,3,5,2149.00,4.5068,0.462,0.407,0.855,1.175,0,none,,ok,full-rx65536-d262144-c1-P1-r3
9ab2c530f66c777081705101cc375be449cb55e4,2026-08-27T15:30:05+08:00,full,65536,262144,1,16,1,1,5,2126.72,4.4601,7.480,6.999,11.055,14.359,0,none,,ok,full-rx65536-d262144-c1-P16-r1
9ab2c530f66c777081705101cc375be449cb55e4,2026-08-27T15:30:12+08:00,full,65536,262144,1,16,1,2,5,2120.33,4.4467,7.489,6.911,12.223,16.103,0,none,,ok,full-rx65536-d262144-c1-P16-r2
9ab2c530f66c777081705101cc375be449cb55e4,2026-08-27T15:30:19+08:00,full,65536,262144,1,16,1,3,5,2009.60,4.2144,7.911,7.023,14.295,18.287,0,none,,ok,full-rx65536-d262144-c1-P16-r3
9ab2c530f66c777081705101cc375be449cb55e4,2026-08-27T15:30:26+08:00,full,65536,262144,4,1,1,1,5,1732.85,3.6340,2.303,1.999,4.119,5.239,0,none,,ok,full-rx65536-d262144-c4-P1-r1
9ab2c530f66c777081705101cc375be449cb55e4,2026-08-27T15:30:34+08:00,full,65536,262144,4,1,1,2,5,1865.83,3.9129,2.139,1.887,3.663,4.743,0,none,,ok,full-rx65536-d262144-c4-P1-r2
9ab2c530f66c777081705101cc375be449cb55e4,2026-08-27T15:30:41+08:00,full,65536,262144,4,1,1,3,5,1987.40,4.1679,2.009,1.695,3.823,4.599,0,none,,ok,full-rx65536-d262144-c4-P1-r3
9ab2c530f66c777081705101cc375be449cb55e4,2026-08-27T15:30:48+08:00,full,65536,262144,4,16,1,1,5,1978.07,4.1483,32.248,29.775,49.119,60.831,0,none,,ok,full-rx65536-d262144-c4-P16-r1
9ab2c530f66c777081705101cc375be449cb55e4,2026-08-27T15:30:56+08:00,full,65536,262144,4,16,1,2,5,2194.58,4.6024,29.154,27.695,42.815,53.023,0,none,,ok,full-rx65536-d262144-c4-P16-r2
9ab2c530f66c777081705101cc375be449cb55e4,2026-08-27T15:31:03+08:00,full,65536,262144,4,16,1,3,5,2072.36,4.3461,31.075,28.271,50.271,63.615,0,none,,ok,full-rx65536-d262144-c4-P16-r3
9ab2c530f66c777081705101cc375be449cb55e4,2026-08-27T15:31:10+08:00,full,65536,1048576,1,1,1,1,5,544.20,4.5651,1.834,1.663,2.959,4.023,0,none,,ok,full-rx65536-d1048576-c1-P1-r1
9ab2c530f66c777081705101cc375be449cb55e4,2026-08-27T15:31:17+08:00,full,65536,1048576,1,1,1,2,5,552.49,4.6346,1.806,1.575,3.263,4.215,0,none,,ok,full-rx65536-d1048576-c1-P1-r2
9ab2c530f66c777081705101cc375be449cb55e4,2026-08-27T15:31:24+08:00,full,65536,1048576,1,1,1,3,5,563.00,4.7228,1.772,1.583,3.111,3.807,0,none,,ok,full-rx65536-d1048576-c1-P1-r3
9ab2c530f66c777081705101cc375be449cb55e4,2026-08-27T15:31:32+08:00,full,65536,1048576,1,16,1,1,5,447.82,3.7566,35.961,33.759,56.191,63.295,0,none,,ok,full-rx65536-d1048576-c1-P16-r1
9ab2c530f66c777081705101cc375be449cb55e4,2026-08-27T15:31:39+08:00,full,65536,1048576,1,16,1,2,5,440.37,3.6941,36.629,33.439,61.087,67.455,0,none,,ok,full-rx65536-d1048576-c1-P16-r2
9ab2c530f66c777081705101cc375be449cb55e4,2026-08-27T15:31:46+08:00,full,65536,1048576,1,16,1,3,5,511.69,4.2924,31.522,29.199,45.823,62.495,0,none,,ok,full-rx65536-d1048576-c1-P16-r3
9ab2c530f66c777081705101cc375be449cb55e4,2026-08-27T15:31:54+08:00,full,65536,1048576,4,1,1,1,5,529.09,4.4383,7.566,7.039,12.543,15.895,0,none,,ok,full-rx65536-d1048576-c4-P1-r1
9ab2c530f66c777081705101cc375be449cb55e4,2026-08-27T15:32:01+08:00,full,65536,1048576,4,1,1,2,5,549.09,4.6061,7.282,6.463,12.207,17.663,0,none,,ok,full-rx65536-d1048576-c4-P1-r2
9ab2c530f66c777081705101cc375be449cb55e4,2026-08-27T15:32:08+08:00,full,65536,1048576,4,1,1,3,5,528.09,4.4299,7.570,6.919,12.415,15.879,0,none,,ok,full-rx65536-d1048576-c4-P1-r3
9ab2c530f66c777081705101cc375be449cb55e4,2026-08-27T15:32:15+08:00,full,65536,1048576,4,16,1,1,5,524.07,4.3962,123.438,117.951,150.143,165.631,0,none,,ok,full-rx65536-d1048576-c4-P16-r1
9ab2c530f66c777081705101cc375be449cb55e4,2026-08-27T15:32:23+08:00,full,65536,1048576,4,16,1,2,5,459.97,3.8585,141.728,137.471,184.063,197.119,0,none,,ok,full-rx65536-d1048576-c4-P16-r2
9ab2c530f66c777081705101cc375be449cb55e4,2026-08-27T15:32:30+08:00,full,65536,1048576,4,16,1,3,5,496.82,4.1676,129.137,123.775,167.551,186.239,0,none,,ok,full-rx65536-d1048576-c4-P16-r3
9ab2c530f66c777081705101cc375be449cb55e4,2026-08-27T15:32:38+08:00,full,65536,4194304,1,1,1,1,5,123.33,4.1383,8.115,7.207,14.047,18.127,0,none,,ok,full-rx65536-d4194304-c1-P1-r1
9ab2c530f66c777081705101cc375be449cb55e4,2026-08-27T15:32:45+08:00,full,65536,4194304,1,1,1,2,5,130.07,4.3644,7.696,7.023,12.559,15.599,0,none,,ok,full-rx65536-d4194304-c1-P1-r2
9ab2c530f66c777081705101cc375be449cb55e4,2026-08-27T15:32:52+08:00,full,65536,4194304,1,1,1,3,5,128.75,4.3201,7.776,6.919,13.055,19.423,0,none,,ok,full-rx65536-d4194304-c1-P1-r3
9ab2c530f66c777081705101cc375be449cb55e4,2026-08-27T15:33:00+08:00,full,65536,4194304,1,16,1,1,5,114.76,3.8507,142.176,132.479,185.215,230.783,0,none,,ok,full-rx65536-d4194304-c1-P16-r1
9ab2c530f66c777081705101cc375be449cb55e4,2026-08-27T15:33:07+08:00,full,65536,4194304,1,16,1,2,5,118.23,3.9671,140.388,135.807,173.055,173.951,0,none,,ok,full-rx65536-d4194304-c1-P16-r2
9ab2c530f66c777081705101cc375be449cb55e4,2026-08-27T15:33:15+08:00,full,65536,4194304,1,16,1,3,5,116.03,3.8933,137.266,132.863,182.271,186.623,0,none,,ok,full-rx65536-d4194304-c1-P16-r3
9ab2c530f66c777081705101cc375be449cb55e4,2026-08-27T15:33:22+08:00,full,65536,4194304,4,1,1,1,5,128.87,4.3242,31.026,28.143,48.319,66.175,0,none,,ok,full-rx65536-d4194304-c4-P1-r1
9ab2c530f66c777081705101cc375be449cb55e4,2026-08-27T15:33:29+08:00,full,65536,4194304,4,1,1,2,5,125.75,4.2195,31.823,29.839,48.255,60.127,0,none,,ok,full-rx65536-d4194304-c4-P1-r2
9ab2c530f66c777081705101cc375be449cb55e4,2026-08-27T15:33:37+08:00,full,65536,4194304,4,1,1,3,5,126.75,4.2530,31.656,29.007,52.863,66.111,0,none,,ok,full-rx65536-d4194304-c4-P1-r3
9ab2c530f66c777081705101cc375be449cb55e4,2026-08-27T15:33:45+08:00,full,65536,4194304,4,16,1,1,5,113.34,3.8031,568.178,557.567,638.975,639.999,0,none,,ok,full-rx65536-d4194304-c4-P16-r1
9ab2c530f66c777081705101cc375be449cb55e4,2026-08-27T15:33:53+08:00,full,65536,4194304,4,16,1,2,5,127.85,4.2899,533.693,525.823,615.935,621.055,0,none,,ok,full-rx65536-d4194304-c4-P16-r2
9ab2c530f66c777081705101cc375be449cb55e4,2026-08-27T15:34:02+08:00,full,65536,4194304,4,16,1,3,5,112.92,3.7890,610.932,607.743,691.199,718.335,0,none,,ok,full-rx65536-d4194304-c4-P16-r3
9ab2c530f66c777081705101cc375be449cb55e4,2026-08-27T15:34:09+08:00,full,262144,65536,1,1,1,1,5,7975.00,4.1812,0.122,0.103,0.247,0.415,0,none,,ok,full-rx262144-d65536-c1-P1-r1
9ab2c530f66c777081705101cc375be449cb55e4,2026-08-27T15:34:17+08:00,full,262144,65536,1,1,1,2,5,7420.60,3.8905,0.131,0.111,0.279,0.447,0,none,,ok,full-rx262144-d65536-c1-P1-r2
9ab2c530f66c777081705101cc375be449cb55e4,2026-08-27T15:34:24+08:00,full,262144,65536,1,1,1,3,5,8423.80,4.4165,0.115,0.103,0.231,0.375,0,none,,ok,full-rx262144-d65536-c1-P1-r3
9ab2c530f66c777081705101cc375be449cb55e4,2026-08-27T15:34:31+08:00,full,262144,65536,1,16,1,1,5,8844.46,4.6370,1.586,1.335,2.975,3.847,0,none,,ok,full-rx262144-d65536-c1-P16-r1
9ab2c530f66c777081705101cc375be449cb55e4,2026-08-27T15:34:38+08:00,full,262144,65536,1,16,1,2,5,9532.80,4.9979,1.478,1.311,2.519,3.215,0,none,,ok,full-rx262144-d65536-c1-P16-r2
9ab2c530f66c777081705101cc375be449cb55e4,2026-08-27T15:34:45+08:00,full,262144,65536,1,16,1,3,5,9550.76,5.0073,1.470,1.327,2.407,3.007,0,none,,ok,full-rx262144-d65536-c1-P16-r3
9ab2c530f66c777081705101cc375be449cb55e4,2026-08-27T15:34:52+08:00,full,262144,65536,4,1,1,1,5,13332.00,6.9898,0.295,0.247,0.591,0.935,0,none,,ok,full-rx262144-d65536-c4-P1-r1
9ab2c530f66c777081705101cc375be449cb55e4,2026-08-27T15:34:59+08:00,full,262144,65536,4,1,1,2,5,13853.00,7.2630,0.284,0.239,0.559,0.879,0,none,,ok,full-rx262144-d65536-c4-P1-r2
9ab2c530f66c777081705101cc375be449cb55e4,2026-08-27T15:35:06+08:00,full,262144,65536,4,1,1,3,5,13181.00,6.9106,0.299,0.255,0.591,0.903,0,none,,ok,full-rx262144-d65536-c4-P1-r3
9ab2c530f66c777081705101cc375be449cb55e4,2026-08-27T15:35:14+08:00,full,262144,65536,4,16,1,1,5,9226.96,4.8376,6.931,6.415,11.135,13.999,0,none,,ok,full-rx262144-d65536-c4-P16-r1
9ab2c530f66c777081705101cc375be449cb55e4,2026-08-27T15:35:21+08:00,full,262144,65536,4,16,1,2,5,9226.96,4.8376,6.936,6.375,11.623,14.431,0,none,,ok,full-rx262144-d65536-c4-P16-r2
9ab2c530f66c777081705101cc375be449cb55e4,2026-08-27T15:35:28+08:00,full,262144,65536,4,16,1,3,5,12142.34,6.3661,5.268,4.695,9.319,11.575,0,none,,ok,full-rx262144-d65536-c4-P16-r3
9ab2c530f66c777081705101cc375be449cb55e4,2026-08-27T15:35:35+08:00,full,262144,262144,1,1,1,1,5,3147.60,6.6010,0.315,0.295,0.455,0.639,0,none,,ok,full-rx262144-d262144-c1-P1-r1
9ab2c530f66c777081705101cc375be449cb55e4,2026-08-27T15:35:42+08:00,full,262144,262144,1,1,1,2,5,2987.00,6.2642,0.332,0.303,0.543,0.727,0,none,,ok,full-rx262144-d262144-c1-P1-r2
9ab2c530f66c777081705101cc375be449cb55e4,2026-08-27T15:35:49+08:00,full,262144,262144,1,1,1,3,5,2937.20,6.1598,0.337,0.303,0.551,0.751,0,none,,ok,full-rx262144-d262144-c1-P1-r3
9ab2c530f66c777081705101cc375be449cb55e4,2026-08-27T15:35:57+08:00,full,262144,262144,1,16,1,1,5,3077.17,6.4533,5.056,4.623,7.303,10.415,0,none,,ok,full-rx262144-d262144-c1-P16-r1
9ab2c530f66c777081705101cc375be449cb55e4,2026-08-27T15:36:04+08:00,full,262144,262144,1,16,1,2,5,3228.15,6.7699,4.826,4.559,6.583,8.071,0,none,,ok,full-rx262144-d262144-c1-P16-r2
9ab2c530f66c777081705101cc375be449cb55e4,2026-08-27T15:36:11+08:00,full,262144,262144,1,16,1,3,5,2931.47,6.1477,5.303,4.719,8.215,11.239,0,none,,ok,full-rx262144-d262144-c1-P16-r3
9ab2c530f66c777081705101cc375be449cb55e4,2026-08-27T15:36:18+08:00,full,262144,262144,4,1,1,1,5,4112.60,8.6247,0.970,0.935,1.495,2.479,0,none,,ok,full-rx262144-d262144-c4-P1-r1
9ab2c530f66c777081705101cc375be449cb55e4,2026-08-27T15:36:25+08:00,full,262144,262144,4,1,1,2,5,4229.35,8.8696,0.943,0.927,1.383,1.791,0,none,,ok,full-rx262144-d262144-c4-P1-r2
9ab2c530f66c777081705101cc375be449cb55e4,2026-08-27T15:36:32+08:00,full,262144,262144,4,1,1,3,5,4055.19,8.5043,0.983,0.911,1.679,2.319,0,none,,ok,full-rx262144-d262144-c4-P1-r3
9ab2c530f66c777081705101cc375be449cb55e4,2026-08-27T15:36:40+08:00,full,262144,262144,4,16,1,1,5,3017.18,6.3275,21.229,19.839,28.095,34.495,0,none,,ok,full-rx262144-d262144-c4-P16-r1
9ab2c530f66c777081705101cc375be449cb55e4,2026-08-27T15:36:47+08:00,full,262144,262144,4,16,1,2,5,3198.72,6.7082,20.083,19.087,26.159,31.487,0,none,,ok,full-rx262144-d262144-c4-P16-r2
9ab2c530f66c777081705101cc375be449cb55e4,2026-08-27T15:36:54+08:00,full,262144,262144,4,16,1,3,5,3031.18,6.3568,21.171,19.711,30.479,37.983,0,none,,ok,full-rx262144-d262144-c4-P16-r3
9ab2c530f66c777081705101cc375be449cb55e4,2026-08-27T15:37:01+08:00,full,262144,1048576,1,1,1,1,5,803.84,6.7431,1.241,1.159,1.759,2.319,0,none,,ok,full-rx262144-d1048576-c1-P1-r1
9ab2c530f66c777081705101cc375be449cb55e4,2026-08-27T15:37:08+08:00,full,262144,1048576,1,1,1,2,5,779.64,6.5401,1.279,1.167,1.911,2.535,0,none,,ok,full-rx262144-d1048576-c1-P1-r2
9ab2c530f66c777081705101cc375be449cb55e4,2026-08-27T15:37:16+08:00,full,262144,1048576,1,1,1,3,5,824.07,6.9128,1.210,1.135,1.711,2.263,0,none,,ok,full-rx262144-d1048576-c1-P1-r3
9ab2c530f66c777081705101cc375be449cb55e4,2026-08-27T15:37:23+08:00,full,262144,1048576,1,16,1,1,5,740.47,6.2115,21.506,20.479,26.207,39.647,0,none,,ok,full-rx262144-d1048576-c1-P16-r1
9ab2c530f66c777081705101cc375be449cb55e4,2026-08-27T15:37:30+08:00,full,262144,1048576,1,16,1,2,5,658.67,5.5253,24.340,22.799,33.887,46.623,0,none,,ok,full-rx262144-d1048576-c1-P16-r2
9ab2c530f66c777081705101cc375be449cb55e4,2026-08-27T15:37:37+08:00,full,262144,1048576,1,16,1,3,5,700.38,5.8752,22.918,21.407,32.527,43.199,0,none,,ok,full-rx262144-d1048576-c1-P16-r3
9ab2c530f66c777081705101cc375be449cb55e4,2026-08-27T15:37:45+08:00,full,262144,1048576,4,1,1,1,5,786.44,6.5971,5.085,4.703,7.207,9.135,0,none,,ok,full-rx262144-d1048576-c4-P1-r1
9ab2c530f66c777081705101cc375be449cb55e4,2026-08-27T15:37:52+08:00,full,262144,1048576,4,1,1,2,5,792.64,6.6491,5.044,4.687,6.823,9.135,0,none,,ok,full-rx262144-d1048576-c4-P1-r2
9ab2c530f66c777081705101cc375be449cb55e4,2026-08-27T15:37:59+08:00,full,262144,1048576,4,1,1,3,5,795.20,6.6706,5.032,4.615,7.207,10.135,0,none,,ok,full-rx262144-d1048576-c4-P1-r3
9ab2c530f66c777081705101cc375be449cb55e4,2026-08-27T15:38:06+08:00,full,262144,1048576,4,16,1,1,5,663.61,5.5668,98.095,97.599,112.895,119.359,0,none,,ok,full-rx262144-d1048576-c4-P16-r1
9ab2c530f66c777081705101cc375be449cb55e4,2026-08-27T15:38:14+08:00,full,262144,1048576,4,16,1,2,5,626.82,5.2581,103.421,100.991,133.759,144.767,0,none,,ok,full-rx262144-d1048576-c4-P16-r2
9ab2c530f66c777081705101cc375be449cb55e4,2026-08-27T15:38:21+08:00,full,262144,1048576,4,16,1,3,5,687.90,5.7705,93.810,91.071,114.111,127.743,0,none,,ok,full-rx262144-d1048576-c4-P16-r3
9ab2c530f66c777081705101cc375be449cb55e4,2026-08-27T15:38:29+08:00,full,262144,4194304,1,1,1,1,5,191.52,6.4263,5.221,4.831,7.559,9.959,0,none,,ok,full-rx262144-d4194304-c1-P1-r1
9ab2c530f66c777081705101cc375be449cb55e4,2026-08-27T15:38:36+08:00,full,262144,4194304,1,1,1,2,5,183.49,6.1569,5.448,4.823,8.519,11.255,0,none,,ok,full-rx262144-d4194304-c1-P1-r2
9ab2c530f66c777081705101cc375be449cb55e4,2026-08-27T15:38:43+08:00,full,262144,4194304,1,1,1,3,5,188.72,6.3324,5.302,4.791,7.511,9.775,0,none,,ok,full-rx262144-d4194304-c1-P1-r3
9ab2c530f66c777081705101cc375be449cb55e4,2026-08-27T15:38:51+08:00,full,262144,4194304,1,16,1,1,5,149.53,5.0174,110.314,108.351,133.247,167.295,0,none,,ok,full-rx262144-d4194304-c1-P16-r1
9ab2c530f66c777081705101cc375be449cb55e4,2026-08-27T15:38:58+08:00,full,262144,4194304,1,16,1,2,5,141.43,4.7456,116.198,109.439,159.999,182.783,0,none,,ok,full-rx262144-d4194304-c1-P16-r2
9ab2c530f66c777081705101cc375be449cb55e4,2026-08-27T15:39:06+08:00,full,262144,4194304,1,16,1,3,5,156.02,5.2352,104.095,100.671,127.679,153.599,0,none,,ok,full-rx262144-d4194304-c1-P16-r3
9ab2c530f66c777081705101cc375be449cb55e4,2026-08-27T15:39:13+08:00,full,262144,4194304,4,1,1,1,5,179.29,6.0160,22.359,20.255,34.175,44.383,0,none,,ok,full-rx262144-d4194304-c4-P1-r1
9ab2c530f66c777081705101cc375be449cb55e4,2026-08-27T15:39:20+08:00,full,262144,4194304,4,1,1,2,5,185.07,6.2099,21.653,20.047,31.279,41.119,0,none,,ok,full-rx262144-d4194304-c4-P1-r2
9ab2c530f66c777081705101cc375be449cb55e4,2026-08-27T15:39:28+08:00,full,262144,4194304,4,1,1,3,5,140.94,4.7292,28.374,25.343,47.967,61.055,0,none,,ok,full-rx262144-d4194304-c4-P1-r3
9ab2c530f66c777081705101cc375be449cb55e4,2026-08-27T15:39:36+08:00,full,262144,4194304,4,16,1,1,5,126.51,4.2450,544.585,532.479,653.823,689.151,0,none,,ok,full-rx262144-d4194304-c4-P16-r1
9ab2c530f66c777081705101cc375be449cb55e4,2026-08-27T15:39:44+08:00,full,262144,4194304,4,16,1,2,5,126.63,4.2490,549.546,557.567,619.007,635.903,0,none,,ok,full-rx262144-d4194304-c4-P16-r2
9ab2c530f66c777081705101cc375be449cb55e4,2026-08-27T15:39:52+08:00,full,262144,4194304,4,16,1,3,5,127.14,4.2661,523.920,549.887,708.607,739.327,0,none,,ok,full-rx262144-d4194304-c4-P16-r3
9ab2c530f66c777081705101cc375be449cb55e4,2026-08-27T15:40:00+08:00,full,1048576,65536,1,1,1,1,5,11275.60,5.9117,0.086,0.087,0.119,0.191,0,none,,ok,full-rx1048576-d65536-c1-P1-r1
9ab2c530f66c777081705101cc375be449cb55e4,2026-08-27T15:40:07+08:00,full,1048576,65536,1,1,1,2,5,11111.20,5.8255,0.087,0.087,0.119,0.191,0,none,,ok,full-rx1048576-d65536-c1-P1-r2
9ab2c530f66c777081705101cc375be449cb55e4,2026-08-27T15:40:14+08:00,full,1048576,65536,1,1,1,3,5,10375.40,5.4397,0.094,0.087,0.151,0.247,0,none,,ok,full-rx1048576-d65536-c1-P1-r3
9ab2c530f66c777081705101cc375be449cb55e4,2026-08-27T15:40:21+08:00,full,1048576,65536,1,16,1,1,5,11226.55,5.8859,0.813,0.807,1.383,1.695,0,none,,ok,full-rx1048576-d65536-c1-P16-r1
9ab2c530f66c777081705101cc375be449cb55e4,2026-08-27T15:40:28+08:00,full,1048576,65536,1,16,1,2,5,11690.46,6.1292,0.787,0.807,1.367,1.663,0,none,,ok,full-rx1048576-d65536-c1-P16-r2
9ab2c530f66c777081705101cc375be449cb55e4,2026-08-27T15:40:35+08:00,full,1048576,65536,1,16,1,3,5,12807.04,6.7146,0.749,0.775,1.247,1.431,0,none,,ok,full-rx1048576-d65536-c1-P16-r3
9ab2c530f66c777081705101cc375be449cb55e4,2026-08-27T15:40:43+08:00,full,1048576,65536,4,1,1,1,5,19318.40,10.1284,0.204,0.175,0.383,0.591,0,none,,ok,full-rx1048576-d65536-c4-P1-r1
9ab2c530f66c777081705101cc375be449cb55e4,2026-08-27T15:40:50+08:00,full,1048576,65536,4,1,1,2,5,18885.60,9.9015,0.208,0.183,0.375,0.591,0,none,,ok,full-rx1048576-d65536-c4-P1-r2
9ab2c530f66c777081705101cc375be449cb55e4,2026-08-27T15:40:57+08:00,full,1048576,65536,4,1,1,3,5,19557.20,10.2536,0.201,0.175,0.359,0.591,0,none,,ok,full-rx1048576-d65536-c4-P1-r3
9ab2c530f66c777081705101cc375be449cb55e4,2026-08-27T15:41:04+08:00,full,1048576,65536,4,16,1,1,5,17749.00,9.3056,3.406,3.647,4.863,5.327,0,none,,ok,full-rx1048576-d65536-c4-P16-r1
9ab2c530f66c777081705101cc375be449cb55e4,2026-08-27T15:41:11+08:00,full,1048576,65536,4,16,1,2,5,17190.40,9.0127,3.509,3.719,5.335,6.551,0,none,,ok,full-rx1048576-d65536-c4-P16-r2
9ab2c530f66c777081705101cc375be449cb55e4,2026-08-27T15:41:18+08:00,full,1048576,65536,4,16,1,3,5,17366.13,9.1049,3.477,3.759,5.103,6.679,0,none,,ok,full-rx1048576-d65536-c4-P16-r3
9ab2c530f66c777081705101cc375be449cb55e4,2026-08-27T15:41:25+08:00,full,1048576,262144,1,1,1,1,5,3208.20,6.7281,0.309,0.287,0.447,0.599,0,none,,ok,full-rx1048576-d262144-c1-P1-r1
9ab2c530f66c777081705101cc375be449cb55e4,2026-08-27T15:41:33+08:00,full,1048576,262144,1,1,1,2,5,3201.00,6.7130,0.310,0.287,0.455,0.631,0,none,,ok,full-rx1048576-d262144-c1-P1-r2
9ab2c530f66c777081705101cc375be449cb55e4,2026-08-27T15:41:40+08:00,full,1048576,262144,1,1,1,3,5,3193.80,6.6979,0.310,0.287,0.455,0.599,0,none,,ok,full-rx1048576-d262144-c1-P1-r3
9ab2c530f66c777081705101cc375be449cb55e4,2026-08-27T15:41:47+08:00,full,1048576,262144,1,16,1,1,5,3079.75,6.4587,4.477,4.399,5.463,6.151,0,none,,ok,full-rx1048576-d262144-c1-P16-r1
9ab2c530f66c777081705101cc375be449cb55e4,2026-08-27T15:41:54+08:00,full,1048576,262144,1,16,1,2,5,2905.02,6.0923,4.707,4.551,6.191,8.167,0,none,,ok,full-rx1048576-d262144-c1-P16-r2
9ab2c530f66c777081705101cc375be449cb55e4,2026-08-27T15:42:01+08:00,full,1048576,262144,1,16,1,3,5,3111.73,6.5258,4.437,4.351,5.471,7.727,0,none,,ok,full-rx1048576-d262144-c1-P16-r3
9ab2c530f66c777081705101cc375be449cb55e4,2026-08-27T15:42:08+08:00,full,1048576,262144,4,1,1,1,5,5365.00,11.2512,0.742,0.655,1.303,1.799,0,none,,ok,full-rx1048576-d262144-c4-P1-r1
9ab2c530f66c777081705101cc375be449cb55e4,2026-08-27T15:42:15+08:00,full,1048576,262144,4,1,1,2,5,5336.00,11.1904,0.746,0.647,1.311,1.919,0,none,,ok,full-rx1048576-d262144-c4-P1-r2
9ab2c530f66c777081705101cc375be449cb55e4,2026-08-27T15:42:23+08:00,full,1048576,262144,4,1,1,3,5,4931.00,10.3411,0.807,0.711,1.439,2.007,0,none,,ok,full-rx1048576-d262144-c4-P1-r3
9ab2c530f66c777081705101cc375be449cb55e4,2026-08-27T15:42:30+08:00,full,1048576,262144,4,16,1,1,5,3249.25,6.8142,19.705,19.087,24.687,29.375,0,none,,ok,full-rx1048576-d262144-c4-P16-r1
9ab2c530f66c777081705101cc375be449cb55e4,2026-08-27T15:42:37+08:00,full,1048576,262144,4,16,1,2,5,3132.87,6.5701,20.503,19.519,26.719,32.895,0,none,,ok,full-rx1048576-d262144-c4-P16-r2
9ab2c530f66c777081705101cc375be449cb55e4,2026-08-27T15:42:44+08:00,full,1048576,262144,4,16,1,3,5,2726.40,5.7177,23.501,21.919,33.023,37.535,0,none,,ok,full-rx1048576-d262144-c4-P16-r3
9ab2c530f66c777081705101cc375be449cb55e4,2026-08-27T15:42:52+08:00,full,1048576,1048576,1,1,1,1,5,836.20,7.0146,1.192,1.159,1.471,1.791,0,none,,ok,full-rx1048576-d1048576-c1-P1-r1
9ab2c530f66c777081705101cc375be449cb55e4,2026-08-27T15:42:59+08:00,full,1048576,1048576,1,1,1,2,5,719.86,6.0386,1.384,1.271,1.999,2.591,0,none,,ok,full-rx1048576-d1048576-c1-P1-r2
9ab2c530f66c777081705101cc375be449cb55e4,2026-08-27T15:43:06+08:00,full,1048576,1048576,1,1,1,3,5,793.80,6.6589,1.256,1.183,1.735,2.183,0,none,,ok,full-rx1048576-d1048576-c1-P1-r3
9ab2c530f66c777081705101cc375be449cb55e4,2026-08-27T15:43:13+08:00,full,1048576,1048576,1,16,1,1,5,636.56,5.3399,25.049,23.295,41.119,49.535,0,none,,ok,full-rx1048576-d1048576-c1-P16-r1
9ab2c530f66c777081705101cc375be449cb55e4,2026-08-27T15:43:21+08:00,full,1048576,1048576,1,16,1,2,5,701.20,5.8821,22.786,21.935,30.783,35.743,0,none,,ok,full-rx1048576-d1048576-c1-P16-r2
9ab2c530f66c777081705101cc375be449cb55e4,2026-08-27T15:43:28+08:00,full,1048576,1048576,1,16,1,3,5,691.20,5.7982,23.111,22.159,31.071,38.623,0,none,,ok,full-rx1048576-d1048576-c1-P16-r3
9ab2c530f66c777081705101cc375be449cb55e4,2026-08-27T15:43:35+08:00,full,1048576,1048576,4,1,1,1,5,791.04,6.6357,5.051,4.855,6.127,8.839,0,none,,ok,full-rx1048576-d1048576-c4-P1-r1
9ab2c530f66c777081705101cc375be449cb55e4,2026-08-27T15:43:42+08:00,full,1048576,1048576,4,1,1,2,5,820.84,6.8857,4.867,4.783,5.663,6.607,0,none,,ok,full-rx1048576-d1048576-c4-P1-r2
9ab2c530f66c777081705101cc375be449cb55e4,2026-08-27T15:43:49+08:00,full,1048576,1048576,4,1,1,3,5,796.20,6.6790,5.019,4.839,6.135,9.031,0,none,,ok,full-rx1048576-d1048576-c4-P1-r3
9ab2c530f66c777081705101cc375be449cb55e4,2026-08-27T15:43:57+08:00,full,1048576,1048576,4,16,1,1,5,663.87,5.5689,97.276,96.063,110.975,116.415,0,none,,ok,full-rx1048576-d1048576-c4-P16-r1
9ab2c530f66c777081705101cc375be449cb55e4,2026-08-27T15:44:04+08:00,full,1048576,1048576,4,16,1,2,5,663.21,5.5634,98.041,95.935,112.255,135.295,0,none,,ok,full-rx1048576-d1048576-c4-P16-r2
9ab2c530f66c777081705101cc375be449cb55e4,2026-08-27T15:44:12+08:00,full,1048576,1048576,4,16,1,3,5,714.80,5.9962,89.972,88.063,104.191,111.103,0,none,,ok,full-rx1048576-d1048576-c4-P16-r3
9ab2c530f66c777081705101cc375be449cb55e4,2026-08-27T15:44:19+08:00,full,1048576,4194304,1,1,1,1,5,197.28,6.6196,5.069,4.887,6.535,7.871,0,none,,ok,full-rx1048576-d4194304-c1-P1-r1
9ab2c530f66c777081705101cc375be449cb55e4,2026-08-27T15:44:26+08:00,full,1048576,4194304,1,1,1,2,5,188.85,6.3368,5.294,5.047,6.967,9.703,0,none,,ok,full-rx1048576-d4194304-c1-P1-r2
9ab2c530f66c777081705101cc375be449cb55e4,2026-08-27T15:44:33+08:00,full,1048576,4194304,1,1,1,3,5,191.65,6.4307,5.217,4.999,6.999,8.463,0,none,,ok,full-rx1048576-d4194304-c1-P1-r3
9ab2c530f66c777081705101cc375be449cb55e4,2026-08-27T15:44:41+08:00,full,1048576,4194304,1,16,1,1,5,142.66,4.7869,114.881,112.319,131.839,158.591,0,none,,ok,full-rx1048576-d4194304-c1-P16-r1
9ab2c530f66c777081705101cc375be449cb55e4,2026-08-27T15:44:48+08:00,full,1048576,4194304,1,16,1,2,5,141.18,4.7372,116.062,108.223,144.895,161.535,0,none,,ok,full-rx1048576-d4194304-c1-P16-r2
9ab2c530f66c777081705101cc375be449cb55e4,2026-08-27T15:44:56+08:00,full,1048576,4194304,1,16,1,3,5,153.35,5.1456,104.500,102.143,119.807,136.063,0,none,,ok,full-rx1048576-d4194304-c1-P16-r3
9ab2c530f66c777081705101cc375be449cb55e4,2026-08-27T15:45:03+08:00,full,1048576,4194304,4,1,1,1,5,163.80,5.4962,24.434,23.103,33.151,37.727,0,none,,ok,full-rx1048576-d4194304-c4-P1-r1
9ab2c530f66c777081705101cc375be449cb55e4,2026-08-27T15:45:10+08:00,full,1048576,4194304,4,1,1,2,5,170.80,5.7311,23.445,21.967,32.607,39.903,0,none,,ok,full-rx1048576-d4194304-c4-P1-r2
9ab2c530f66c777081705101cc375be449cb55e4,2026-08-27T15:45:18+08:00,full,1048576,4194304,4,1,1,3,5,177.39,5.9522,22.580,21.423,28.447,43.839,0,none,,ok,full-rx1048576-d4194304-c4-P1-r3
9ab2c530f66c777081705101cc375be449cb55e4,2026-08-27T15:45:26+08:00,full,1048576,4194304,4,16,1,1,5,151.66,5.0889,428.269,422.399,468.223,483.839,0,none,,ok,full-rx1048576-d4194304-c4-P16-r1
9ab2c530f66c777081705101cc375be449cb55e4,2026-08-27T15:45:34+08:00,full,1048576,4194304,4,16,1,2,5,153.23,5.1415,423.771,420.607,473.343,490.495,0,none,,ok,full-rx1048576-d4194304-c4-P16-r2
9ab2c530f66c777081705101cc375be449cb55e4,2026-08-27T15:45:42+08:00,full,1048576,4194304,4,16,1,3,5,164.65,5.5247,404.291,400.383,444.415,466.687,0,none,,ok,full-rx1048576-d4194304-c4-P16-r3
9ab2c530f66c777081705101cc375be449cb55e4,2026-08-27T15:45:50+08:00,full,4194304,65536,1,1,1,1,5,9786.80,5.1311,0.099,0.087,0.167,0.279,0,none,,ok,full-rx4194304-d65536-c1-P1-r1
9ab2c530f66c777081705101cc375be449cb55e4,2026-08-27T15:45:57+08:00,full,4194304,65536,1,1,1,2,5,11424.40,5.9897,0.085,0.079,0.119,0.183,0,none,,ok,full-rx4194304-d65536-c1-P1-r2
9ab2c530f66c777081705101cc375be449cb55e4,2026-08-27T15:46:04+08:00,full,4194304,65536,1,1,1,3,5,11185.40,5.8644,0.087,0.087,0.119,0.191,0,none,,ok,full-rx4194304-d65536-c1-P1-r3
9ab2c530f66c777081705101cc375be449cb55e4,2026-08-27T15:46:11+08:00,full,4194304,65536,1,16,1,1,5,11194.56,5.8692,1.249,1.263,1.767,2.591,0,none,,ok,full-rx4194304-d65536-c1-P16-r1
9ab2c530f66c777081705101cc375be449cb55e4,2026-08-27T15:46:18+08:00,full,4194304,65536,1,16,1,2,5,11268.15,5.9078,1.263,1.215,2.151,2.783,0,none,,ok,full-rx4194304-d65536-c1-P16-r2
9ab2c530f66c777081705101cc375be449cb55e4,2026-08-27T15:46:25+08:00,full,4194304,65536,1,16,1,3,5,11402.52,5.9782,1.246,1.223,1.863,2.855,0,none,,ok,full-rx4194304-d65536-c1-P16-r3
9ab2c530f66c777081705101cc375be449cb55e4,2026-08-27T15:46:32+08:00,full,4194304,65536,4,1,1,1,5,16627.40,8.7175,0.236,0.207,0.463,0.655,0,none,,ok,full-rx4194304-d65536-c4-P1-r1
9ab2c530f66c777081705101cc375be449cb55e4,2026-08-27T15:46:39+08:00,full,4194304,65536,4,1,1,2,5,16672.20,8.7410,0.236,0.207,0.455,0.647,0,none,,ok,full-rx4194304-d65536-c4-P1-r2
9ab2c530f66c777081705101cc375be449cb55e4,2026-08-27T15:46:47+08:00,full,4194304,65536,4,1,1,3,5,17818.40,9.3420,0.221,0.191,0.431,0.639,0,none,,ok,full-rx4194304-d65536-c4-P1-r3
9ab2c530f66c777081705101cc375be449cb55e4,2026-08-27T15:46:54+08:00,full,4194304,65536,4,16,1,1,5,22654.67,11.8776,2.572,2.479,4.279,5.879,0,none,,ok,full-rx4194304-d65536-c4-P16-r1
9ab2c530f66c777081705101cc375be449cb55e4,2026-08-27T15:47:01+08:00,full,4194304,65536,4,16,1,2,5,22569.80,11.8331,2.593,2.487,4.375,5.927,0,none,,ok,full-rx4194304-d65536-c4-P16-r2
9ab2c530f66c777081705101cc375be449cb55e4,2026-08-27T15:47:08+08:00,full,4194304,65536,4,16,1,3,5,22743.40,11.9241,2.573,2.495,4.287,5.463,0,none,,ok,full-rx4194304-d65536-c4-P16-r3
9ab2c530f66c777081705101cc375be449cb55e4,2026-08-27T15:47:15+08:00,full,4194304,262144,1,1,1,1,5,2978.00,6.2453,0.332,0.287,0.551,0.831,0,none,,ok,full-rx4194304-d262144-c1-P1-r1
9ab2c530f66c777081705101cc375be449cb55e4,2026-08-27T15:47:22+08:00,full,4194304,262144,1,1,1,2,5,3170.60,6.6492,0.312,0.279,0.487,0.687,0,none,,ok,full-rx4194304-d262144-c1-P1-r2
9ab2c530f66c777081705101cc375be449cb55e4,2026-08-27T15:47:29+08:00,full,4194304,262144,1,1,1,3,5,3037.20,6.3695,0.325,0.287,0.543,0.727,0,none,,ok,full-rx4194304-d262144-c1-P1-r3
9ab2c530f66c777081705101cc375be449cb55e4,2026-08-27T15:47:37+08:00,full,4194304,262144,1,16,1,1,5,3143.09,6.5915,4.218,4.079,5.191,8.511,0,none,,ok,full-rx4194304-d262144-c1-P16-r1
9ab2c530f66c777081705101cc375be449cb55e4,2026-08-27T15:47:44+08:00,full,4194304,262144,1,16,1,2,5,3090.58,6.4814,4.252,4.063,5.567,8.095,0,none,,ok,full-rx4194304-d262144-c1-P16-r2
9ab2c530f66c777081705101cc375be449cb55e4,2026-08-27T15:47:51+08:00,full,4194304,262144,1,16,1,3,5,3216.63,6.7458,4.081,3.991,4.863,7.567,0,none,,ok,full-rx4194304-d262144-c1-P16-r3
9ab2c530f66c777081705101cc375be449cb55e4,2026-08-27T15:47:58+08:00,full,4194304,262144,4,1,1,1,5,5488.60,11.5104,0.724,0.663,1.119,1.415,0,none,,ok,full-rx4194304-d262144-c4-P1-r1
9ab2c530f66c777081705101cc375be449cb55e4,2026-08-27T15:48:05+08:00,full,4194304,262144,4,1,1,2,5,4679.60,9.8138,0.848,0.799,1.279,1.743,0,none,,ok,full-rx4194304-d262144-c4-P1-r2
9ab2c530f66c777081705101cc375be449cb55e4,2026-08-27T15:48:12+08:00,full,4194304,262144,4,1,1,3,5,4769.80,10.0030,0.832,0.791,1.223,1.567,0,none,,ok,full-rx4194304-d262144-c4-P1-r3
9ab2c530f66c777081705101cc375be449cb55e4,2026-08-27T15:48:20+08:00,full,4194304,262144,4,16,1,1,5,2834.63,5.9446,22.631,21.535,29.439,41.887,0,none,,ok,full-rx4194304-d262144-c4-P16-r1
9ab2c530f66c777081705101cc375be449cb55e4,2026-08-27T15:48:27+08:00,full,4194304,262144,4,16,1,2,5,2886.89,6.0542,22.243,21.487,26.991,33.631,0,none,,ok,full-rx4194304-d262144-c4-P16-r2
9ab2c530f66c777081705101cc375be449cb55e4,2026-08-27T15:48:34+08:00,full,4194304,262144,4,16,1,3,5,2903.28,6.0886,22.074,21.231,27.999,34.847,0,none,,ok,full-rx4194304-d262144-c4-P16-r3
9ab2c530f66c777081705101cc375be449cb55e4,2026-08-27T15:48:41+08:00,full,4194304,1048576,1,1,1,1,5,657.61,5.5164,1.508,1.359,2.359,3.695,0,none,,ok,full-rx4194304-d1048576-c1-P1-r1
9ab2c530f66c777081705101cc375be449cb55e4,2026-08-27T15:48:49+08:00,full,4194304,1048576,1,1,1,2,5,605.40,5.0785,1.639,1.439,3.103,3.871,0,none,,ok,full-rx4194304-d1048576-c1-P1-r2
9ab2c530f66c777081705101cc375be449cb55e4,2026-08-27T15:48:56+08:00,full,4194304,1048576,1,1,1,3,5,719.06,6.0319,1.380,1.295,1.927,2.647,0,none,,ok,full-rx4194304-d1048576-c1-P1-r3
9ab2c530f66c777081705101cc375be449cb55e4,2026-08-27T15:49:03+08:00,full,4194304,1048576,1,16,1,1,5,663.74,5.5679,24.146,23.759,29.887,35.263,0,none,,ok,full-rx4194304-d1048576-c1-P16-r1
9ab2c530f66c777081705101cc375be449cb55e4,2026-08-27T15:49:10+08:00,full,4194304,1048576,1,16,1,2,5,684.85,5.7449,23.319,22.527,28.239,35.551,0,none,,ok,full-rx4194304-d1048576-c1-P16-r2
9ab2c530f66c777081705101cc375be449cb55e4,2026-08-27T15:49:18+08:00,full,4194304,1048576,1,16,1,3,5,729.74,6.1215,21.843,21.583,23.807,25.807,0,none,,ok,full-rx4194304-d1048576-c1-P16-r3
9ab2c530f66c777081705101cc375be449cb55e4,2026-08-27T15:49:25+08:00,full,4194304,1048576,4,1,1,1,5,1200.32,10.0690,3.324,2.743,6.191,7.775,0,none,,ok,full-rx4194304-d1048576-c4-P1-r1
9ab2c530f66c777081705101cc375be449cb55e4,2026-08-27T15:49:32+08:00,full,4194304,1048576,4,1,1,2,5,1190.76,9.9888,3.354,2.719,6.287,7.815,0,none,,ok,full-rx4194304-d1048576-c4-P1-r2
9ab2c530f66c777081705101cc375be449cb55e4,2026-08-27T15:49:39+08:00,full,4194304,1048576,4,1,1,3,5,1199.20,10.0596,3.328,2.727,6.247,7.519,0,none,,ok,full-rx4194304-d1048576-c4-P1-r3
9ab2c530f66c777081705101cc375be449cb55e4,2026-08-27T15:49:47+08:00,full,4194304,1048576,4,16,1,1,5,729.02,6.1155,89.015,88.255,101.055,105.919,0,none,,ok,full-rx4194304-d1048576-c4-P16-r1
9ab2c530f66c777081705101cc375be449cb55e4,2026-08-27T15:49:54+08:00,full,4194304,1048576,4,16,1,2,5,651.50,5.4652,99.007,97.471,110.719,117.567,0,none,,ok,full-rx4194304-d1048576-c4-P16-r2
9ab2c530f66c777081705101cc375be449cb55e4,2026-08-27T15:50:02+08:00,full,4194304,1048576,4,16,1,3,5,727.13,6.0996,89.144,87.359,104.319,120.127,0,none,,ok,full-rx4194304-d1048576-c4-P16-r3
9ab2c530f66c777081705101cc375be449cb55e4,2026-08-27T15:50:09+08:00,full,4194304,4194304,1,1,1,1,5,198.72,6.6679,5.031,4.911,5.967,7.511,0,none,,ok,full-rx4194304-d4194304-c1-P1-r1
9ab2c530f66c777081705101cc375be449cb55e4,2026-08-27T15:50:16+08:00,full,4194304,4194304,1,1,1,2,5,192.52,6.4599,5.193,4.975,6.247,9.271,0,none,,ok,full-rx4194304-d4194304-c1-P1-r2
9ab2c530f66c777081705101cc375be449cb55e4,2026-08-27T15:50:23+08:00,full,4194304,4194304,1,1,1,3,5,195.84,6.5713,5.103,4.927,6.335,8.327,0,none,,ok,full-rx4194304-d4194304-c1-P1-r3
9ab2c530f66c777081705101cc375be449cb55e4,2026-08-27T15:50:31+08:00,full,4194304,4194304,1,16,1,1,5,162.16,5.4412,98.709,96.319,111.999,135.935,0,none,,ok,full-rx4194304-d4194304-c1-P16-r1
9ab2c530f66c777081705101cc375be449cb55e4,2026-08-27T15:50:38+08:00,full,4194304,4194304,1,16,1,2,5,172.11,5.7751,94.622,93.567,102.207,105.279,0,none,,ok,full-rx4194304-d4194304-c1-P16-r2
9ab2c530f66c777081705101cc375be449cb55e4,2026-08-27T15:50:46+08:00,full,4194304,4194304,1,16,1,3,5,171.56,5.7566,95.164,94.207,103.615,108.351,0,none,,ok,full-rx4194304-d4194304-c1-P16-r3
9ab2c530f66c777081705101cc375be449cb55e4,2026-08-27T15:50:53+08:00,full,4194304,4194304,4,1,1,1,5,177.60,5.9593,22.530,21.951,26.319,33.599,0,none,,ok,full-rx4194304-d4194304-c4-P1-r1
9ab2c530f66c777081705101cc375be449cb55e4,2026-08-27T15:51:00+08:00,full,4194304,4194304,4,1,1,2,5,186.53,6.2589,21.504,21.151,24.095,26.463,0,none,,ok,full-rx4194304-d4194304-c4-P1-r2
9ab2c530f66c777081705101cc375be449cb55e4,2026-08-27T15:51:08+08:00,full,4194304,4194304,4,1,1,3,5,185.81,6.2347,21.535,21.263,23.695,26.127,0,none,,ok,full-rx4194304-d4194304-c4-P1-r3
9ab2c530f66c777081705101cc375be449cb55e4,2026-08-27T15:51:16+08:00,full,4194304,4194304,4,16,1,1,5,151.18,5.0728,422.683,414.975,491.263,495.103,0,none,,ok,full-rx4194304-d4194304-c4-P16-r1
9ab2c530f66c777081705101cc375be449cb55e4,2026-08-27T15:51:24+08:00,full,4194304,4194304,4,16,1,2,5,138.88,4.6600,465.298,446.207,576.511,610.815,0,none,,ok,full-rx4194304-d4194304-c4-P16-r2
9ab2c530f66c777081705101cc375be449cb55e4,2026-08-27T15:51:32+08:00,full,4194304,4194304,4,16,1,3,5,139.85,4.6926,484.331,483.071,525.823,537.599,0,none,,ok,full-rx4194304-d4194304-c4-P16-r3
9ab2c530f66c777081705101cc375be449cb55e4,2026-08-27T15:51:40+08:00,full,16777216,65536,1,1,1,1,5,7088.60,3.7165,0.137,0.119,0.287,0.439,0,none,,ok,full-rx16777216-d65536-c1-P1-r1
9ab2c530f66c777081705101cc375be449cb55e4,2026-08-27T15:51:47+08:00,full,16777216,65536,1,1,1,2,5,6573.40,3.4464,0.147,0.127,0.303,0.463,0,none,,ok,full-rx16777216-d65536-c1-P1-r2
9ab2c530f66c777081705101cc375be449cb55e4,2026-08-27T15:51:54+08:00,full,16777216,65536,1,1,1,3,5,8439.00,4.4245,0.115,0.103,0.223,0.343,0,none,,ok,full-rx16777216-d65536-c1-P1-r3
9ab2c530f66c777081705101cc375be449cb55e4,2026-08-27T15:52:01+08:00,full,16777216,65536,1,16,1,1,5,9790.04,5.1328,1.573,1.447,2.415,2.751,0,none,,ok,full-rx16777216-d65536-c1-P16-r1
9ab2c530f66c777081705101cc375be449cb55e4,2026-08-27T15:52:08+08:00,full,16777216,65536,1,16,1,2,5,10772.25,5.6478,1.434,1.351,2.087,2.615,0,none,,ok,full-rx16777216-d65536-c1-P16-r2
9ab2c530f66c777081705101cc375be449cb55e4,2026-08-27T15:52:15+08:00,full,16777216,65536,1,16,1,3,5,10391.52,5.4481,1.484,1.359,2.391,3.015,0,none,,ok,full-rx16777216-d65536-c1-P16-r3
9ab2c530f66c777081705101cc375be449cb55e4,2026-08-27T15:52:23+08:00,full,16777216,65536,4,1,1,1,5,16046.40,8.4129,0.244,0.223,0.431,0.615,0,none,,ok,full-rx16777216-d65536-c4-P1-r1
9ab2c530f66c777081705101cc375be449cb55e4,2026-08-27T15:52:30+08:00,full,16777216,65536,4,1,1,2,5,15666.40,8.2137,0.250,0.231,0.423,0.655,0,none,,ok,full-rx16777216-d65536-c4-P1-r2
9ab2c530f66c777081705101cc375be449cb55e4,2026-08-27T15:52:37+08:00,full,16777216,65536,4,1,1,3,5,17774.20,9.3188,0.221,0.191,0.423,0.607,0,none,,ok,full-rx16777216-d65536-c4-P1-r3
9ab2c530f66c777081705101cc375be449cb55e4,2026-08-27T15:52:44+08:00,full,16777216,65536,4,16,1,1,5,21987.20,11.5276,2.835,2.759,3.919,5.127,0,none,,ok,full-rx16777216-d65536-c4-P16-r1
9ab2c530f66c777081705101cc375be449cb55e4,2026-08-27T15:52:51+08:00,full,16777216,65536,4,16,1,2,5,23713.66,12.4328,2.627,2.559,3.583,4.343,0,none,,ok,full-rx16777216-d65536-c4-P16-r2
9ab2c530f66c777081705101cc375be449cb55e4,2026-08-27T15:52:58+08:00,full,16777216,65536,4,16,1,3,5,22838.60,11.9740,2.731,2.655,3.767,4.615,0,none,,ok,full-rx16777216-d65536-c4-P16-r3
9ab2c530f66c777081705101cc375be449cb55e4,2026-08-27T15:53:06+08:00,full,16777216,262144,1,1,1,1,5,2601.08,5.4549,0.379,0.327,0.655,0.839,0,none,,ok,full-rx16777216-d262144-c1-P1-r1
9ab2c530f66c777081705101cc375be449cb55e4,2026-08-27T15:53:13+08:00,full,16777216,262144,1,1,1,2,5,2713.00,5.6896,0.364,0.303,0.687,0.887,0,none,,ok,full-rx16777216-d262144-c1-P1-r2
9ab2c530f66c777081705101cc375be449cb55e4,2026-08-27T15:53:20+08:00,full,16777216,262144,1,1,1,3,5,2728.20,5.7215,0.362,0.311,0.607,0.783,0,none,,ok,full-rx16777216-d262144-c1-P1-r3
9ab2c530f66c777081705101cc375be449cb55e4,2026-08-27T15:53:27+08:00,full,16777216,262144,1,16,1,1,5,2950.65,6.1880,5.176,5.055,6.543,7.999,0,none,,ok,full-rx16777216-d262144-c1-P16-r1
9ab2c530f66c777081705101cc375be449cb55e4,2026-08-27T15:53:34+08:00,full,16777216,262144,1,16,1,2,5,3114.31,6.5312,4.902,4.927,5.527,8.175,0,none,,ok,full-rx16777216-d262144-c1-P16-r2
9ab2c530f66c777081705101cc375be449cb55e4,2026-08-27T15:53:41+08:00,full,16777216,262144,1,16,1,3,5,3176.33,6.6612,4.800,4.863,5.407,5.959,0,none,,ok,full-rx16777216-d262144-c1-P16-r3
9ab2c530f66c777081705101cc375be449cb55e4,2026-08-27T15:53:49+08:00,full,16777216,262144,4,1,1,1,5,4702.40,9.8616,0.844,0.807,1.223,1.463,0,none,,ok,full-rx16777216-d262144-c4-P1-r1
9ab2c530f66c777081705101cc375be449cb55e4,2026-08-27T15:53:56+08:00,full,16777216,262144,4,1,1,2,5,4735.60,9.9313,0.838,0.799,1.215,1.463,0,none,,ok,full-rx16777216-d262144-c4-P1-r2
9ab2c530f66c777081705101cc375be449cb55e4,2026-08-27T15:54:03+08:00,full,16777216,262144,4,1,1,3,5,4847.40,10.1657,0.819,0.783,1.183,1.431,0,none,,ok,full-rx16777216-d262144-c4-P1-r3
9ab2c530f66c777081705101cc375be449cb55e4,2026-08-27T15:54:10+08:00,full,16777216,262144,4,16,1,1,5,4773.45,10.0107,13.382,10.959,23.935,28.879,0,none,,ok,full-rx16777216-d262144-c4-P16-r1
9ab2c530f66c777081705101cc375be449cb55e4,2026-08-27T15:54:17+08:00,full,16777216,262144,4,16,1,2,5,4768.68,10.0006,13.402,11.111,24.479,28.671,0,none,,ok,full-rx16777216-d262144-c4-P16-r2
9ab2c530f66c777081705101cc375be449cb55e4,2026-08-27T15:54:25+08:00,full,16777216,262144,4,16,1,3,5,4834.23,10.1381,13.231,11.007,23.599,26.223,0,none,,ok,full-rx16777216-d262144-c4-P16-r3
9ab2c530f66c777081705101cc375be449cb55e4,2026-08-27T15:54:32+08:00,full,16777216,1048576,1,1,1,1,5,650.87,5.4599,1.523,1.431,2.159,3.119,0,none,,ok,full-rx16777216-d1048576-c1-P1-r1
9ab2c530f66c777081705101cc375be449cb55e4,2026-08-27T15:54:39+08:00,full,16777216,1048576,1,1,1,2,5,619.75,5.1988,1.601,1.455,2.519,3.583,0,none,,ok,full-rx16777216-d1048576-c1-P1-r2
9ab2c530f66c777081705101cc375be449cb55e4,2026-08-27T15:54:46+08:00,full,16777216,1048576,1,1,1,3,5,632.27,5.3039,1.569,1.447,2.319,3.183,0,none,,ok,full-rx16777216-d1048576-c1-P1-r3
9ab2c530f66c777081705101cc375be449cb55e4,2026-08-27T15:54:54+08:00,full,16777216,1048576,1,16,1,1,5,662.82,5.5601,24.035,23.535,28.479,35.935,0,none,,ok,full-rx16777216-d1048576-c1-P16-r1
9ab2c530f66c777081705101cc375be449cb55e4,2026-08-27T15:55:01+08:00,full,16777216,1048576,1,16,1,2,5,679.29,5.6983,23.422,23.071,26.367,28.815,0,none,,ok,full-rx16777216-d1048576-c1-P16-r2
9ab2c530f66c777081705101cc375be449cb55e4,2026-08-27T15:55:08+08:00,full,16777216,1048576,1,16,1,3,5,649.34,5.4471,24.574,24.111,28.335,32.831,0,none,,ok,full-rx16777216-d1048576-c1-P16-r3
9ab2c530f66c777081705101cc375be449cb55e4,2026-08-27T15:55:15+08:00,full,16777216,1048576,4,1,1,1,5,1332.20,11.1753,2.993,2.815,4.551,5.703,0,none,,ok,full-rx16777216-d1048576-c4-P1-r1
9ab2c530f66c777081705101cc375be449cb55e4,2026-08-27T15:55:23+08:00,full,16777216,1048576,4,1,1,2,5,1340.93,11.2485,2.973,2.807,4.543,5.655,0,none,,ok,full-rx16777216-d1048576-c4-P1-r2
9ab2c530f66c777081705101cc375be449cb55e4,2026-08-27T15:55:30+08:00,full,16777216,1048576,4,1,1,3,5,1347.20,11.3011,2.960,2.791,4.511,5.511,0,none,,ok,full-rx16777216-d1048576-c4-P1-r3
9ab2c530f66c777081705101cc375be449cb55e4,2026-08-27T15:55:37+08:00,full,16777216,1048576,4,16,1,1,5,649.55,5.4488,100.468,101.823,111.871,119.807,0,none,,ok,full-rx16777216-d1048576-c4-P16-r1
9ab2c530f66c777081705101cc375be449cb55e4,2026-08-27T15:55:45+08:00,full,16777216,1048576,4,16,1,2,5,700.92,5.8797,91.675,90.815,97.279,101.951,0,none,,ok,full-rx16777216-d1048576-c4-P16-r2
9ab2c530f66c777081705101cc375be449cb55e4,2026-08-27T15:55:52+08:00,full,16777216,1048576,4,16,1,3,5,687.76,5.7693,93.828,92.351,103.871,116.671,0,none,,ok,full-rx16777216-d1048576-c4-P16-r3
9ab2c530f66c777081705101cc375be449cb55e4,2026-08-27T15:55:59+08:00,full,16777216,4194304,1,1,1,1,5,174.86,5.8673,5.706,5.527,6.895,8.039,0,none,,ok,full-rx16777216-d4194304-c1-P1-r1
9ab2c530f66c777081705101cc375be449cb55e4,2026-08-27T15:56:06+08:00,full,16777216,4194304,1,1,1,2,5,170.93,5.7355,5.836,5.591,7.335,10.743,0,none,,ok,full-rx16777216-d4194304-c1-P1-r2
9ab2c530f66c777081705101cc375be449cb55e4,2026-08-27T15:56:14+08:00,full,16777216,4194304,1,1,1,3,5,169.73,5.6952,5.873,5.559,8.031,11.919,0,none,,ok,full-rx16777216-d4194304-c1-P1-r3
9ab2c530f66c777081705101cc375be449cb55e4,2026-08-27T15:56:21+08:00,full,16777216,4194304,1,16,1,1,5,168.89,5.6670,96.583,95.935,102.207,108.671,0,none,,ok,full-rx16777216-d4194304-c1-P16-r1
9ab2c530f66c777081705101cc375be449cb55e4,2026-08-27T15:56:28+08:00,full,16777216,4194304,1,16,1,2,5,172.52,5.7888,94.462,94.015,100.223,101.631,0,none,,ok,full-rx16777216-d4194304-c1-P16-r2
9ab2c530f66c777081705101cc375be449cb55e4,2026-08-27T15:56:36+08:00,full,16777216,4194304,1,16,1,3,5,161.55,5.4207,99.072,97.599,107.327,136.703,0,none,,ok,full-rx16777216-d4194304-c1-P16-r3
9ab2c530f66c777081705101cc375be449cb55e4,2026-08-27T15:56:43+08:00,full,16777216,4194304,4,1,1,1,5,282.54,9.4805,14.143,11.527,26.127,30.255,0,none,,ok,full-rx16777216-d4194304-c4-P1-r1
9ab2c530f66c777081705101cc375be449cb55e4,2026-08-27T15:56:50+08:00,full,16777216,4194304,4,1,1,2,5,287.77,9.6560,13.881,11.391,25.967,30.031,0,none,,ok,full-rx16777216-d4194304-c4-P1-r2
9ab2c530f66c777081705101cc375be449cb55e4,2026-08-27T15:56:58+08:00,full,16777216,4194304,4,1,1,3,5,289.17,9.7029,13.816,11.271,25.551,28.447,0,none,,ok,full-rx16777216-d4194304-c4-P1-r3
9ab2c530f66c777081705101cc375be449cb55e4,2026-08-27T15:57:06+08:00,full,16777216,4194304,4,16,1,1,5,151.87,5.0959,450.227,452.607,476.671,478.719,0,none,,ok,full-rx16777216-d4194304-c4-P16-r1
9ab2c530f66c777081705101cc375be449cb55e4,2026-08-27T15:57:14+08:00,full,16777216,4194304,4,16,1,2,5,152.23,5.1080,439.185,438.271,465.407,472.063,0,none,,ok,full-rx16777216-d4194304-c4-P16-r2
9ab2c530f66c777081705101cc375be449cb55e4,2026-08-27T15:57:22+08:00,full,16777216,4194304,4,16,1,3,5,151.00,5.0667,451.922,451.583,463.871,466.175,0,none,,ok,full-rx16777216-d4194304-c4-P16-r3
